{
  "module": "module_04_shock_propagation",
  "input_network_results": "/home/runner/work/RiceEWS/RiceEWS/data/processed/module_03/network_inference_results.json",
  "input_network_edges": "/home/runner/work/RiceEWS/RiceEWS/data/processed/module_03/network_edges.csv",
  "output_dir": "/home/runner/work/RiceEWS/RiceEWS/data/processed/module_04",
  "grades": [
    "low1",
    "low2",
    "med1",
    "med2"
  ],
  "config": {
    "num_steps": 5,
    "shock_magnitude": 1.0,
    "impact_threshold": 1e-09,
    "top_n": 5
  },
  "per_grade": {
    "low1": {
      "nodes": [
        "M101",
        "M102",
        "M103",
        "M104",
        "M105",
        "M106"
      ],
      "edges_count": 11,
      "simulation_results": {
        "M101": {
          "total_impact": 2.907349743836984,
          "affected_nodes_count": 4,
          "impact_per_node": {
            "M101": 0.0,
            "M102": 0.0,
            "M103": 0.5302488707617252,
            "M104": 0.39697822422220724,
            "M105": 1.0,
            "M106": 0.9801226488530513
          },
          "step_impacts": [
            1.0000000000000002,
            0.9801226488530513,
            0.9272270949839325,
            0.0,
            0.0
          ]
        },
        "M102": {
          "total_impact": 2.9277875580816035,
          "affected_nodes_count": 4,
          "impact_per_node": {
            "M101": 0.0,
            "M102": 0.0,
            "M103": 0.9344524298420499,
            "M104": 0.02291613475585026,
            "M105": 1.0000000000000002,
            "M106": 0.970418993483703
          },
          "step_impacts": [
            1.0000000000000002,
            0.970418993483703,
            0.9573685645979002,
            0.0,
            0.0
          ]
        },
        "M103": {
          "total_impact": 2.0,
          "affected_nodes_count": 2,
          "impact_per_node": {
            "M101": 0.0,
            "M102": 0.0,
            "M103": 0.0,
            "M104": 0.0,
            "M105": 1.0,
            "M106": 1.0
          },
          "step_impacts": [
            1.0,
            1.0,
            0.0,
            0.0,
            0.0
          ]
        },
        "M104": {
          "total_impact": 2.0,
          "affected_nodes_count": 2,
          "impact_per_node": {
            "M101": 0.0,
            "M102": 0.0,
            "M103": 0.0,
            "M104": 0.0,
            "M105": 1.0,
            "M106": 1.0
          },
          "step_impacts": [
            1.0,
            1.0,
            0.0,
            0.0,
            0.0
          ]
        },
        "M105": {
          "total_impact": 0.0,
          "affected_nodes_count": 0,
          "impact_per_node": {
            "M101": 0.0,
            "M102": 0.0,
            "M103": 0.0,
            "M104": 0.0,
            "M105": 0.0,
            "M106": 0.0
          },
          "step_impacts": [
            0.0,
            0.0,
            0.0,
            0.0,
            0.0
          ]
        },
        "M106": {
          "total_impact": 1.0,
          "affected_nodes_count": 1,
          "impact_per_node": {
            "M101": 0.0,
            "M102": 0.0,
            "M103": 0.0,
            "M104": 0.0,
            "M105": 1.0,
            "M106": 0.0
          },
          "step_impacts": [
            1.0,
            0.0,
            0.0,
            0.0,
            0.0
          ]
        }
      },
      "total_impact_per_source": {
        "M101": 2.907349743836984,
        "M102": 2.9277875580816035,
        "M103": 2.0,
        "M104": 2.0,
        "M105": 0.0,
        "M106": 1.0
      },
      "affected_nodes_count": {
        "M101": 4,
        "M102": 4,
        "M103": 2,
        "M104": 2,
        "M105": 0,
        "M106": 1
      },
      "most_influential_sources": [
        {
          "node": "M102",
          "total_impact": 2.9277875580816035,
          "affected_nodes_count": 4
        },
        {
          "node": "M101",
          "total_impact": 2.907349743836984,
          "affected_nodes_count": 4
        },
        {
          "node": "M103",
          "total_impact": 2.0,
          "affected_nodes_count": 2
        },
        {
          "node": "M104",
          "total_impact": 2.0,
          "affected_nodes_count": 2
        },
        {
          "node": "M106",
          "total_impact": 1.0,
          "affected_nodes_count": 1
        }
      ],
      "most_vulnerable_nodes": [
        {
          "node": "M105",
          "cumulative_received_impact": 5.0
        },
        {
          "node": "M106",
          "cumulative_received_impact": 3.9505416423367543
        },
        {
          "node": "M103",
          "cumulative_received_impact": 1.464701300603775
        },
        {
          "node": "M104",
          "cumulative_received_impact": 0.4198943589780575
        },
        {
          "node": "M101",
          "cumulative_received_impact": 0.0
        }
      ]
    },
    "low2": {
      "nodes": [
        "M101",
        "M102",
        "M103",
        "M104",
        "M105",
        "M106"
      ],
      "edges_count": 14,
      "simulation_results": {
        "M101": {
          "total_impact": 2.4490272077655773,
          "affected_nodes_count": 5,
          "impact_per_node": {
            "M101": 0.0,
            "M102": 1.0,
            "M103": 0.27160752395379584,
            "M104": 0.14471786534407075,
            "M105": 0.6105070721045346,
            "M106": 0.4221947463631758
          },
          "step_impacts": [
            1.0,
            0.6961324464150761,
            0.46950851319327563,
            0.25124274794769197,
            0.03214350020953328
          ]
        },
        "M102": {
          "total_impact": 0.0,
          "affected_nodes_count": 0,
          "impact_per_node": {
            "M101": 0.0,
            "M102": 0.0,
            "M103": 0.0,
            "M104": 0.0,
            "M105": 0.0,
            "M106": 0.0
          },
          "step_impacts": [
            0.0,
            0.0,
            0.0,
            0.0,
            0.0
          ]
        },
        "M103": {
          "total_impact": 2.565723110591531,
          "affected_nodes_count": 3,
          "impact_per_node": {
            "M101": 0.0,
            "M102": 1.0,
            "M103": 0.0,
            "M104": 0.0,
            "M105": 0.7808453824113001,
            "M106": 0.7848777281802308
          },
          "step_impacts": [
            1.0,
            0.7848777281802308,
            0.7808453824113001,
            0.0,
            0.0
          ]
        },
        "M104": {
          "total_impact": 2.541873428479077,
          "affected_nodes_count": 4,
          "impact_per_node": {
            "M101": 0.0,
            "M102": 1.0,
            "M103": 0.28445002250862117,
            "M104": 0.0,
            "M105": 0.7633300791964441,
            "M106": 0.49409332677401174
          },
          "step_impacts": [
            1.0,
            0.8270600416638136,
            0.4927019002126162,
            0.22211148660264723,
            0.0
          ]
        },
        "M105": {
          "total_impact": 1.0,
          "affected_nodes_count": 1,
          "impact_per_node": {
            "M101": 0.0,
            "M102": 1.0,
            "M103": 0.0,
            "M104": 0.0,
            "M105": 0.0,
            "M106": 0.0
          },
          "step_impacts": [
            1.0,
            0.0,
            0.0,
            0.0,
            0.0
          ]
        },
        "M106": {
          "total_impact": 1.9948624535718706,
          "affected_nodes_count": 2,
          "impact_per_node": {
            "M101": 0.0,
            "M102": 1.0,
            "M103": 0.0,
            "M104": 0.0,
            "M105": 0.9948624535718705,
            "M106": 0.0
          },