node,out_degree,in_degree,weighted_out_degree,leader_score
M103,3,1,33.79663442725771,35.79663442725771
M102,2,1,29.558679758823295,30.558679758823295
M105,3,0,13.258303403375258,16.25830340337526
M101,1,0,3.9673659847837954,4.967365984783795
M106,1,4,4.541806714524963,1.541806714524963
M104,0,4,0.0,-4.0
