node,out_degree,in_degree,weighted_out_degree,leader_score
M106,5,5,238.67980911260952,238.67980911260952
M103,5,5,79.27109156874405,79.27109156874405
M105,5,5,36.001741573402256,36.001741573402256
M101,5,5,29.30772597730738,29.307725977307385
M104,5,5,22.61493506126793,22.61493506126793
M102,5,5,6.434019429055271,6.434019429055271
