node,out_degree,in_degree,weighted_out_degree,leader_score
M102,5,5,39.80325617602797,39.80325617602797
M103,5,5,37.52773692676167,37.52773692676167
M106,5,5,18.132468790498113,18.132468790498113
M104,5,5,15.82251561439256,15.822515614392557
M105,5,5,14.093786508934858,14.093786508934858
M101,5,5,9.814974299068862,9.814974299068862
