node,out_degree,in_degree,weighted_out_degree,leader_score
M102,5,5,39.8032561760288,39.8032561760288
M103,5,5,37.52773692676133,37.52773692676133
M106,5,5,18.132468790498095,18.132468790498095
M104,5,5,15.822515614392964,15.822515614392962
M105,5,5,14.093786508934645,14.093786508934645
M101,5,5,9.814974299069691,9.814974299069691
