node,out_degree,in_degree,weighted_out_degree,leader_score
M106,5,5,189.08817355495506,189.08817355495506
M103,5,5,122.08313197522695,122.08313197522695
M105,5,5,64.2001691359143,64.2001691359143
M104,5,5,27.77903414496614,27.77903414496614
M102,5,5,10.279825979715197,10.279825979715197
M101,5,5,7.643635117263498,7.643635117263498
