node,out_degree,in_degree,weighted_out_degree,leader_score
M106,5,5,238.67980911260514,238.67980911260514
M103,5,5,79.27109156874253,79.27109156874253
M105,5,5,36.00174157340372,36.00174157340372
M101,5,5,29.30772597730615,29.30772597730615
M104,5,5,22.614935061268014,22.614935061268014
M102,5,5,6.434019429055109,6.434019429055109
