node,out_degree,in_degree,weighted_out_degree,leader_score
M106,1,4,116.34897999100525,113.34897999100525
M103,1,2,69.83917393569168,68.83917393569168
M102,4,0,8.353051644410181,12.353051644410181
M104,1,2,12.796224434212732,11.796224434212732
M101,4,0,7.238849809332155,11.238849809332155
M105,0,3,0.0,-3.0
