node,out_degree,in_degree,weighted_out_degree,leader_score
M102,5,5,54.45271160769059,54.45271160769059
M103,5,5,38.51420822453718,38.51420822453718
M101,5,5,29.47153941013153,29.471539410131527
M104,5,5,28.331709232115944,28.33170923211594
M106,5,5,18.988208890106023,18.988208890106023
M105,5,5,17.27986128762124,17.27986128762124
