node,out_degree,in_degree,weighted_out_degree,leader_score
M106,2,3,195.6990575714769,194.6990575714769
M103,2,2,47.60375438485251,47.60375438485251
M101,5,0,29.30772597730738,34.307725977307385
M104,4,1,21.7061031347128,24.7061031347128
M105,1,3,0.6850373688928445,-1.3149626311071554
M102,0,5,0.0,-5.0
