node,out_degree,in_degree,weighted_out_degree,leader_score
M102,3,2,52.630399274405576,53.630399274405576
M101,5,0,29.47153941013153,34.47153941013153
M105,4,1,15.537447114270442,18.537447114270442
M104,1,4,19.529692085405575,16.529692085405575
M106,2,3,12.895607550638994,11.895607550638994
M103,0,5,0.0,-5.0
