node,out_degree,in_degree,weighted_out_degree,leader_score
M102,5,5,54.45271160769044,54.45271160769044
M103,5,5,38.514208224537015,38.514208224537015
M101,5,5,29.47153941013202,29.471539410132024
M104,5,5,28.331709232115845,28.33170923211584
M106,5,5,18.988208890106193,18.988208890106193
M105,5,5,17.279861287623536,17.279861287623536
