node,out_degree,in_degree,weighted_out_degree,leader_score
M106,5,5,189.08817355495395,189.08817355495395
M103,5,5,122.08313197522595,122.08313197522595
M105,5,5,64.20016913591432,64.20016913591432
M104,5,5,27.77903414496563,27.779034144965635
M102,5,5,10.279825979715344,10.279825979715344
M101,5,5,7.64363511726309,7.64363511726309
